"ID";"Periods";"TotalPopulation_1";"Males_2";"Females_3";"TotalPopulation_4";"NeverMarried_5";"Married_6";"Widowed_7";"Divorced_8";"TotalPopulation_9";"YoungerThan20Years_10";"k_20To40Years_11";"k_40To65Years_12";"k_65To80Years_13";"k_80YearsOrOlder_14";"YoungerThan20Years_15";"k_20To40Years_16";"k_40To65Years_17";"k_65To80Years_18";"k_80YearsOrOlder_19";"TotalDemographicPressure_20";"GreenPressure_21";"GreyPressure_22";"TotalPopulation_23";"Males_24";"Females_25";"TotalPopulation_26";"PersonsWithADutchBackground_27";"WithMigrationBackground_28";"WithMigrationBackgroundRate_29";"TotalWesternMigrationBackground_30";"MiddleAndEasternEuropeanEUCountries_31";"GIPSCountriesEuropeanUnion_32";"OtherWesternBackground_33";"TotalNonWestern_34";"Morocco_35";"FormerNethAntillesAndAruba_36";"Suriname_37";"Turkey_38";"OtherNonWesternBackground_39";"TotalFirstGeneration_40";"TotalWesternFirstGeneration_41";"MiddleAndEasternEuropeanEUCountries_42";"GIPSCountriesEuropeanUnion_43";"OtherWesternBackground_44";"TotalNonWestern_45";"Morocco_46";"FormerNethAntillesAndAruba_47";"Suriname_48";"Turkey_49";"OtherNonWesternBackground_50";"TotalSecondGeneration_51";"TotalWesternSecondGeneration_52";"MiddleAndEasternEuropeanEUCountries_53";"GIPSCountriesEuropeanUnion_54";"OtherWesternBackground_55";"TotalNonWestern_56";"Morocco_57";"FormerNethAntillesAndAruba_58";"Suriname_59";"Turkey_60";"OtherNonWesternBackground_61";"TotalPrivateHouseholds_62";"OnePersonHouseholds_63";"MultiPersonHouseholds_64";"AverageHouseholdSize_65";"PopulationInInstitutionalHouseholds_66";"TotalPopulationGrowth_67";"TotalPopulationGrowthRate_68";"LiveBirths_69";"Deaths_70";"NaturalIncrease_71";"NaturalIncreaseRate_72";"Immigration_73";"EmigrationIncludingAdministrati_74";"NetMigrationIncludingAdministrativ_75";"NetMigrationIncludingAdminRate_76";"OtherCorrections_77";"PopulationDensity_78"
"0";"1950JJ00";"10026773";"4998251";"5028522";"10026773";"5284496";"4232241";"435532";"74504";"10026773";"3742499";"2951369";"2562311";"670995";"99599";"37.3";"29.4";"25.6";"6.7";"1";"81.9";"67.9";"14";"30.8";"30.3";"31.3";"10026773";;;;;;;;;;;;;;;;;;;;;;;;;;;;;;;;;;;;"2535";"245";"2290";"3.93";;"173507";"17.3";"229718";"75929";"153789";"15.2";"70602";"50697";"19905";"2";"-187";"309"
"1";"1951JJ00";"10200280";"5083759";"5116521";"10200280";"5354293";"4329761";"439933";"76293";"10200280";"3805617";"2985744";"2614428";"690449";"104042";"37.3";"29.3";"25.6";"6.8";"1";"82.1";"68";"14.2";"30.8";"30.3";"31.4";"10200280";;;;;;;;;;;;;;;;;;;;;;;;;;;;;;;;;;;;"2600";"258";"2342";"3.88";;"128063";"12.6";"228407";"77560";"150847";"14.7";"45016";"67449";"-22433";"-2.2";"-351";"315"
"2";"1952JJ00";"10328343";"5145772";"5182571";"10328343";"5384853";"4421572";"444343";"77575";"10328343";"3853988";"2999353";"2656483";"710729";"107790";"37.3";"29";"25.7";"6.9";"1";"82.6";"68.1";"14.5";"31";"30.4";"31.5";"10328343";;;;;;;;;;;;;;;;;;;;;;;;;;;;;;;;;;;;"2658";"270";"2388";"3.84";;"107288";"10.4";"231888";"76346";"155542";"15";"33666";"81347";"-47681";"-4.6";"-573";"319"
"3";"1953JJ00";"10435631";"5198033";"5237598";"10435631";"5409984";"4497526";"449090";"79031";"10435631";"3894738";"2996594";"2700881";"729809";"113609";"37.3";"28.7";"25.9";"7";"1.1";"83.2";"68.4";"14.8";"31.1";"30.5";"31.6";"10435631";;;;;;;;;;;;;;;;;;;;;;;;;;;;;;;;;;;;"2716";"282";"2434";"3.79";;"115106";"11";"227964";"80901";"147063";"14";"35449";"67080";"-31631";"-3";"-326";"322"
"4";"1954JJ00";"10550737";"5256108";"5294629";"10550737";"5443474";"4572974";"454436";"79853";"10550737";"3945330";"2994204";"2744425";"747436";"119342";"37.4";"28.4";"26";"7.1";"1.1";"83.9";"68.8";"15.1";"31.2";"30.6";"31.7";"10550737";;;;;;;;;;;;;;;;;;;;;;;;;;;;;;;;;;;;"2794";"297";"2497";"3.73";;"129286";"12.3";"228173";"79623";"148550";"14";"42418";"61368";"-18950";"-1.8";"-314";"325"
"5";"1955JJ00";"10680023";"5320759";"5359264";"10680023";"5481327";"4658053";"459762";"80881";"10680023";"4000883";"2997145";"2792024";"765017";"124954";"37.5";"28.1";"26.1";"7.2";"1.2";"84.5";"69.1";"15.4";"31.3";"30.7";"31.9";"10680023";;;;;;;;;;;;;;;;;;;;;;;;;;;;;;;;;;;;"2848";"310";"2538";"3.71";;"141638";"13.3";"229222";"81708";"147514";"13.7";"52069";"57267";"-5198";"-0.5";"-678";"329"
"6";"1956JJ00";"10821661";"5390751";"5430910";"10821661";"5526994";"4746401";"465827";"82439";"10821661";"4063634";"3013487";"2832042";"782200";"130298";"37.6";"27.8";"26.2";"7.2";"1.2";"85.1";"69.5";"15.6";"31.4";"30.8";"32";"10821661";;;;;;;;;;;;;;;;;;;;;;;;;;;;;;;;;;;;"2907";"323";"2584";"3.68";;"135379";"12.5";"231492";"84809";"146683";"13.5";"51756";"62737";"-10981";"-1";"-323";"333"
"7";"1957JJ00";"10957040";"5459578";"5497462";"10957040";"5567164";"4834087";"472164";"83625";"10957040";"4124465";"3027385";"2869124";"800553";"135513";"37.6";"27.6";"26.2";"7.3";"1.2";"85.8";"69.9";"15.9";"31.5";"30.9";"32.1";"10957040";;;;;;;;;;;;;;;;;;;;;;;;;;;;;;;;;;;;"2982";"339";"2643";"3.63";;"138686";"12.7";"233892";"82961";"150931";"13.7";"50143";"62644";"-12501";"-1.1";"256";"338"
"8";"1958JJ00";"11095726";"5529065";"5566661";"11095726";"5607936";"4924488";"478607";"84695";"11095726";"4188105";"3041247";"2906002";"818343";"142029";"37.7";"27.4";"26.2";"7.4";"1.3";"86.6";"70.4";"16.1";"31.6";"30.9";"32.2";"11095726";;;;;;;;;;;;;;;;;;;;;;;;;;;;;;;;;;;;"3058";"355";"2703";"3.6";;"182298";"16.4";"236859";"84491";"152368";"13.6";"67957";"55861";"12096";"1.1";"17834";"342"
"9";"1959JJ00";"11278024";"5618540";"5659484";"11278024";"5677101";"5027106";"487125";"86692";"11278024";"4270455";"3076070";"2940435";"843228";"147836";"37.9";"27.3";"26.1";"7.5";"1.3";"87.5";"71";"16.5";"31.6";"31";"32.3";"11278024";;;;;;;;;;;;;;;;;;;;;;;;;;;;;;;;;;;;"3126";"370";"2756";"3.57";;"139230";"12.3";"242518";"86072";"156446";"13.8";"37185";"54076";"-16891";"-1.5";"-325";"347"
"10";"1960JJ00";"11417254";"5686152";"5731102";"11417254";"5730715";"5103163";"495131";"88245";"11417254";"4331042";"3098779";"2968611";"864423";"154399";"37.9";"27.1";"26";"7.6";"1.4";"88.2";"71.4";"16.8";"31.7";"31.1";"32.4";"11417254";;;;;;;;;;;;;;;;;;;;;;;;;;;;;;;;;;;;"3171";"387";"2784";"3.56";;"138754";"12.2";"239128";"87825";"151303";"13.2";"45407";"58226";"-12819";"-1.1";"270";"352"
"11";"1961JJ00";"11556008";"5754229";"5801779";"11556008";"5785892";"5182053";"506613";"81450";"11556008";"4386744";"3100271";"3020409";"887637";"160947";"38";"26.8";"26.1";"7.7";"1.4";"88.8";"71.7";"17.1";"31.8";"31.1";"32.5";"11556008";;;;;;;;;;;;;;;;;;;;;;;;;;;;;;;;;;;;"3231";"410";"2821";"3.54";;"165408";"14.3";"247407";"88321";"159086";"13.7";"55082";"48670";"6412";"0.6";"-90";"344"
"12";"1962JJ00";"11721416";"5838368";"5883048";"11721416";"5850611";"5270315";"516742";"83748";"11721416";"4461142";"3114828";"3065393";"912524";"167529";"38.1";"26.6";"26.2";"7.8";"1.4";"89.7";"72.2";"17.5";"31.9";"31.2";"32.6";"11721416";;;;;;;;;;;;;;;;;;;;;;;;;;;;;;;;;;;;"3286";"433";"2853";"3.53";;"168546";"14.4";"246150";"93969";"152181";"12.9";"66035";"49082";"16953";"1.4";"-588";"349"
"13";"1963JJ00";"11889962";"5923811";"5966151";"11889962";"5917551";"5359878";"527100";"85433";"11889962";"4532162";"3141795";"3108573";"934630";"172802";"38.1";"26.4";"26.1";"7.9";"1.5";"90.2";"72.5";"17.7";"31.9";"31.2";"32.6";"11889962";;;;;;;;;;;;;;;;;;;;;;;;;;;;;;;;;;;;"3342";"457";"2886";"3.52";;"152008";"12.8";"249879";"95734";"154145";"12.9";"55127";"46691";"8436";"0.7";"-10573";"355"
"14";"1964JJ00";"12041970";"6001376";"6040594";"12041970";"5975336";"5441831";"537585";"87218";"12041970";"4583772";"3174758";"3150735";"955313";"177392";"38.1";"26.4";"26.2";"7.9";"1.5";"90.4";"72.5";"17.9";"32";"31.2";"32.7";"12041970";;;;;;;;;;;;;;;;;;;;;;;;;;;;;;;;;;;;"3419";"484";"2935";"3.49";;"170299";"14.1";"250914";"93437";"157477";"13";"67079";"53419";"13660";"1.1";"-838";"360"
"15";"1965JJ00";"12212269";"6090529";"6121740";"12212269";"6025009";"5547842";"549790";"89628";"12212269";"4631281";"3227357";"3191097";"976752";"185782";"37.9";"26.4";"26.1";"8";"1.5";"90.3";"72.2";"18.1";"32";"31.3";"32.8";"12212269";;;;;;;;;;;;;;;;;;;;;;;;;;;;;;;;;;;;"3508";"513";"2995";"3.45";;"164925";"13.5";"245216";"98026";"147190";"12";"76572";"57808";"18764";"1.5";"-1029";"365"
"16";"1966JJ00";"12377194";"6178283";"6198911";"12377194";"6059792";"5662112";"562821";"92469";"12377194";"4685535";"3274528";"3227483";"996411";"193237";"37.9";"26.5";"26.1";"8.1";"1.6";"90.4";"72.1";"18.3";"32.1";"31.3";"32.9";"12377194";;;;;;;;;;;;;;;;;;;;;;;;;;;;;;;;;;;;"3602";"544";"3058";"3.4";;"158113";"12.8";"239611";"100516";"139095";"11.2";"81842";"61892";"19950";"1.6";"-932";"370"
"17";"1967JJ00";"12535307";"6262052";"6273255";"12535307";"6080609";"5783104";"575104";"96490";"12535307";"4659556";"3397478";"3259448";"1018765";"200060";"37.2";"27.1";"26";"8.1";"1.6";"88.3";"70";"18.3";"32.2";"31.4";"33";"12535307";;;;;;;;;;;;;;;;;;;;;;;;;;;;;;;;;;;;"3698";"576";"3121";"3.34";;"125788";"10";"238678";"99792";"138886";"11";"55784";"67292";"-11508";"-0.9";"-1590";"375"
"18";"1968JJ00";"12661095";"6317025";"6344070";"12661095";"6082119";"5888608";"588916";"101452";"12661095";"4640156";"3485200";"3283600";"1043617";"208522";"36.6";"27.5";"25.9";"8.2";"1.6";"87.1";"68.6";"18.5";"32.3";"31.5";"33.2";"12661095";;;;;;;;;;;;;;;;;;;;;;;;;;;;;;;;;;;;"3790";"609";"3181";"3.3";;"137251";"10.8";"237112";"104989";"132123";"10.4";"64486";"58479";"6007";"0.5";"-879";"379"
"19";"1969JJ00";"12798346";"6382960";"6415386";"12798346";"6083804";"6004522";"602271";"107749";"12798346";"4637626";"3566931";"3312816";"1065626";"215347";"36.2";"27.9";"25.9";"8.3";"1.7";"86";"67.4";"18.6";"32.4";"31.5";"33.3";"12798346";;;;;;;;;;;;;;;;;;;;;;;;;;;;;;;;;;;;"3890";"644";"3246";"3.25";;"159275";"12.4";"247588";"107615";"139973";"10.9";"76359";"56176";"20183";"1.6";"-881";"379"
"20";"1970JJ00";"12957621";"6465081";"6492540";"12957621";"6104254";"6121941";"616504";"114922";"12957621";"4657606";"3650362";"3338678";"1089232";"221743";"35.9";"28.2";"25.8";"8.4";"1.7";"85.4";"66.6";"18.8";"32.5";"31.6";"33.4";"12957621";;;;;;;;;;;;;;;;;;;;;;;;;;;;;;;;;;;;"3986";"679";"3307";"3.21";;"161809";"12.5";"238912";"109619";"129293";"9.9";"90829";"57375";"33454";"2.6";"-938";"384"
"21";"1971JJ00";"13119430";"6549696";"6569734";"13119430";"6114007";"6253128";"631129";"121166";"13119430";"4678829";"3730445";"3370407";"1111504";"228245";"35.7";"28.4";"25.7";"8.5";"1.7";"84.8";"65.9";"18.9";"32.6";"31.6";"33.5";"13119430";;;;;;;;;;;;;;;;;;;;;;;;;;;;;;;;;;;;"4094";"716";"3378";"3.17";"255";"150133";"11.4";"227180";"110243";"116937";"8.9";"95054";"62040";"33014";"2.5";"182";"389"
"22";"1972JJ00";"13269563";"6624210";"6645353";"13269563";"6116183";"6377948";"644911";"130521";"13269563";"4694750";"3809177";"3397711";"1132778";"235147";"35.4";"28.7";"25.6";"8.5";"1.8";"84.1";"65.1";"19";"32.7";"31.7";"33.6";"13269563";;;;;;;;;;;;;;;;;;;;;;;;;;;;;;;;;;;;"4211";"756";"3454";"3.11";;"118060";"8.9";"214133";"113576";"100557";"7.5";"81329";"62200";"19129";"1.4";"-1626";"394"
"23";"1973JJ00";"13387623";"6675531";"6712092";"13387623";"6109300";"6472860";"660242";"145221";"13387623";"4691201";"3876435";"3424718";"1154901";"240368";"35";"29";"25.6";"8.6";"1.8";"83.4";"64.3";"19.1";"32.8";"31.8";"33.8";"13387623";;;;;;;;;;;;;;;;;;;;;;;;;;;;;;;;;;;;"4337";"799";"3538";"3.04";;"103397";"7.7";"194993";"110682";"84311";"6.3";"84691";"63623";"21068";"1.6";"-1982";"396"
"24";"1974JJ00";"13491020";"6722096";"6768924";"13491020";"6106097";"6546349";"674186";"164388";"13491020";"4670957";"3948968";"3444804";"1177000";"249291";"34.6";"29.3";"25.5";"8.7";"1.8";"82.5";"63.2";"19.3";"33";"32";"34";"13491020";;;;;;;;;;;;;;;;;;;;;;;;;;;;;;;;;;;;"4454";"842";"3613";"2.99";;"108072";"8";"185982";"109250";"76732";"5.7";"93796";"60655";"33141";"2.4";"-1801";"399"
"25";"1975JJ00";"13599092";"6771613";"6827479";"13599092";"6099415";"6626364";"688197";"185116";"13599092";"4646232";"4026470";"3466969";"1201043";"258378";"34.2";"29.6";"25.5";"8.8";"1.9";"81.5";"62";"19.5";"33.2";"32.2";"34.3";"13599092";;;;;;;;;;;;;;;;;;;;;;;;;;;;;;;;;;;;"4561";"883";"3678";"2.95";;"134486";"9.9";"177876";"113737";"64139";"4.7";"127264";"55209";"72055";"5.3";"-1708";"402"
"26";"1976JJ00";"13733578";"6836875";"6896703";"13733578";"6120879";"6704149";"694903";"213647";"13733578";"4624109";"4121445";"3497868";"1221862";"268294";"33.7";"30";"25.5";"8.9";"2";"80.2";"60.7";"19.6";"33.5";"32.4";"34.5";"13733578";;;;;;;;;;;;;;;;;;;;;;;;;;;;;;;;;;;;"4660";"924";"3737";"2.9";;"80917";"5.9";"177090";"114454";"62636";"4.5";"82953";"61530";"21423";"1.6";"-3142";"406"
"27";"1977JJ00";"13814495";"6871547";"6942948";"13814495";"6120117";"6747124";"708657";"238597";"13814495";"4579205";"4197667";"3523309";"1236344";"277970";"33.1";"30.4";"25.5";"8.9";"2";"78.9";"59.3";"19.6";"33.7";"32.6";"34.8";"13814495";;;;;;;;;;;;;;;;;;;;;;;;;;;;;;;;;;;;"4752";"964";"3788";"2.87";;"83379";"6";"173296";"110093";"63203";"4.6";"83899";"63555";"20344";"1.5";"-168";"409"
"28";"1978JJ00";"13897874";"6907216";"6990658";"13897874";"6127203";"6784633";"723362";"262676";"13897874";"4528294";"4276841";"3543413";"1259198";"290128";"32.6";"30.8";"25.5";"9.1";"2.1";"77.7";"57.9";"19.8";"34";"32.8";"35.1";"13897874";;;;;;;;;;;;;;;;;;;;;;;;;;;;;;;;;;;;"4839";"1004";"3835";"2.83";;"87652";"6.3";"175550";"114415";"61135";"4.4";"89184";"62579";"26605";"1.9";"-88";"411"
"29";"1979JJ00";"13985526";"6945442";"7040084";"13985526";"6149643";"6811470";"737346";"287067";"13985526";"4479535";"4353469";"3571626";"1280786";"300110";"32";"31.1";"25.5";"9.2";"2.1";"76.5";"56.5";"19.9";"34.2";"33";"35.3";"13985526";;;;;;;;;;;;;;;;;;;;;;;;;;;;;;;;;;;;"4911";"1042";"3869";"2.81";;"105488";"7.5";"174979";"112565";"62414";"4.4";"104553";"61517";"43036";"3.1";"38";"413"
"30";"1980JJ00";"14091014";"6994280";"7096734";"14091014";"6190940";"6835014";"751355";"313705";"14091014";"4431785";"4441579";"3602326";"1303447";"311877";"31.5";"31.5";"25.6";"9.3";"2.2";"75.2";"55.1";"20.1";"34.4";"33.2";"35.6";"14091014";;;;;;;;;;;;;;;;;;;;;;;;;;;;;;;;;;;;"5006";"1085";"3921";"2.78";;"117572";"8.3";"181294";"114279";"67015";"4.7";"112504";"61948";"50556";"3.6";"1";"415"
"31";"1981JJ00";"14208586";"7048474";"7160112";"14208586";"6234552";"6866010";"764965";"343059";"14208586";"4395798";"4525169";"3645612";"1318916";"323091";"30.9";"31.8";"25.7";"9.3";"2.3";"73.9";"53.8";"20.1";"34.6";"33.4";"35.8";"14208586";;;;;;;;;;;;;;;;;;;;;;;;;;;;;;;;;;;;"5103";"1139";"3964";"2.75";"289";"77243";"5.4";"178569";"115515";"63054";"4.4";"80183";"65814";"14369";"1";"-180";"419"
"32";"1982JJ00";"14285829";"7081566";"7204263";"14285829";"6259816";"6870988";"777553";"377472";"14285829";"4330786";"4607340";"3679442";"1332480";"335781";"30.3";"32.3";"25.8";"9.3";"2.4";"72.4";"52.3";"20.1";"34.9";"33.6";"36.1";"14285829";;;;;;;;;;;;;;;;;;;;;;;;;;;;;;;;;;;;"5239";"1240";"3999";"2.69";;"53722";"3.8";"172071";"117264";"54807";"3.8";"70740";"72024";"-1284";"-0.1";"199";"421"
"33";"1983JJ00";"14339551";"7102598";"7236953";"14339551";"6238717";"6905257";"786477";"409100";"14339551";"4252760";"4676776";"3721901";"1343109";"345005";"29.7";"32.6";"26";"9.4";"2.4";"70.7";"50.6";"20.1";"35.1";"33.9";"36.3";"14339551";;;;;;;;;;;;;;;;;;;;;;;;;;;;;;;;;;;;"5367";"1343";"4024";"2.63";;"55038";"3.8";"170246";"117761";"52485";"3.7";"66762";"64431";"2331";"0.2";"222";"423"
"34";"1984JJ00";"14394589";"7124152";"7270437";"14394589";"6261073";"6884996";"798174";"450346";"14394589";"4167550";"4739037";"3779544";"1350817";"357641";"29";"32.9";"26.3";"9.4";"2.5";"69";"48.9";"20.1";"35.4";"34.1";"36.6";"14394589";;;;;;;;;;;;;;;;;;;;;;;;;;;;;;;;;;;;"5494";"1449";"4045";"2.58";;"59244";"4.1";"174436";"119812";"54624";"3.8";"66907";"61774";"5133";"0.4";"-513";"424"
"35";"1985JJ00";"14453833";"7149620";"7304213";"14453833";"6285610";"6869619";"808543";"490061";"14453833";"4084506";"4795956";"3843625";"1359038";"370708";"28.3";"33.2";"26.6";"9.4";"2.6";"67.3";"47.3";"20";"35.6";"34.4";"36.9";"14453833";;;;;;;;;;;;;;;;;;;;;;;;;;;;;;;;;;;;"5613";"1556";"4057";"2.54";"290";"75597";"5.2";"178136";"122704";"55432";"3.8";"79362";"59475";"19887";"1.4";"278";"426"
"36";"1986JJ00";"14529430";"7184538";"7344892";"14529430";"6323365";"6859886";"818352";"527827";"14529430";"4018630";"4863855";"3877757";"1386796";"382392";"27.7";"33.5";"26.7";"9.5";"2.6";"66.2";"46";"20.2";"35.9";"34.6";"37.1";"14529430";;;;;;;;;;;;;;;;;;;;;;;;;;;;;;;;;;;;"5711";"1604";"4107";"2.51";;"85695";"5.9";"184513";"125307";"59206";"4.1";"87387";"60607";"26780";"1.8";"-291";"428"
"37";"1987JJ00";"14615125";"7224323";"7390802";"14615125";"6356280";"6879804";"826934";"552107";"14615125";"3968023";"4854891";"3988197";"1411662";"392352";"27.2";"33.2";"27.3";"9.7";"2.7";"65.3";"44.9";"20.4";"36.1";"34.8";"37.3";"14615125";;;;;;;;;;;;;;;;;;;;;;;;;;;;;;;;;;;;"5814";"1658";"4156";"2.49";;"99823";"6.8";"186667";"122199";"64468";"4.4";"95935";"60844";"35091";"2.4";"264";"431"
"38";"1988JJ00";"14714948";"7273611";"7441337";"14714948";"6405860";"6898335";"836619";"574134";"14714948";"3922311";"4862329";"4090241";"1434264";"405803";"26.7";"33";"27.8";"9.7";"2.8";"64.4";"43.8";"20.6";"36.2";"34.9";"37.5";"14714948";;;;;;;;;;;;;;;;;;;;;;;;;;;;;;;;;;;;"5837";"1677";"4160";"2.48";;"90292";"6.1";"186647";"124163";"62484";"4.2";"91238";"63996";"27242";"1.8";"566";"434"
"39";"1989JJ00";"14805240";"7316590";"7488650";"14805240";"6446803";"6916716";"845193";"596528";"14805240";"3874701";"4879741";"4173791";"1458653";"418354";"26.2";"33";"28.2";"9.9";"2.8";"63.5";"42.8";"20.7";"36.4";"35.1";"37.7";"14805240";;;;;;;;;;;;;;;;;;;;;;;;;;;;;;;;;;;;"5938";"1721";"4218";"2.45";;"87334";"5.9";"188979";"128905";"60074";"4";"98914";"72063";"26851";"1.8";"409";"436"
"40";"1990JJ00";"14892574";"7358482";"7534092";"14892574";"6464971";"6956510";"853599";"617494";"14892574";"3822205";"4912128";"4252617";"1477909";"427715";"25.7";"33";"28.6";"9.9";"2.9";"62.5";"41.7";"20.8";"36.6";"35.3";"37.9";"14892574";;;;;;;;;;;;;;;;;;;;;;;;;;;;;;;;;;;;"6061";"1813";"4249";"2.42";"272";"117871";"7.9";"197965";"128824";"69141";"4.6";"117350";"68939";"48411";"3.2";"319";"439"
"41";"1991JJ00";"15010445";"7419501";"7590944";"15010445";"6518388";"6995091";"861207";"635759";"15010445";"3786164";"4960023";"4330616";"1496394";"437248";"25.2";"33";"28.9";"10";"2.9";"61.6";"40.8";"20.8";"36.8";"35.4";"38.1";"15010445";;;;;;;;;;;;;;;;;;;;;;;;;;;;;;;;;;;;"6164";"1844";"4320";"2.4";;"118705";"7.9";"198665";"129958";"68707";"4.6";"120249";"70639";"49610";"3.3";"388";"442"
"42";"1992JJ00";"15129150";"7480422";"7648728";"15129150";"6572603";"7036575";"866367";"653605";"15129150";"3762239";"4998563";"4408652";"1515408";"444288";"24.9";"33";"29.1";"10";"2.9";"60.8";"40";"20.8";"36.9";"35.6";"38.2";"15129150";;;;;;;;;;;;;;;;;;;;;;;;;;;;;;;;;;;;"6266";"1913";"4353";"2.38";"250";"110032";"7.3";"196734";"129887";"66847";"4.4";"116926";"73808";"43118";"2.8";"67";"446"
"43";"1993JJ00";"15239182";"7535268";"7703914";"15239182";"6626044";"7064236";"871905";"676997";"15239182";"3746470";"5014662";"4492523";"1529136";"456391";"24.6";"32.9";"29.5";"10";"3";"60.3";"39.4";"20.9";"37.1";"35.8";"38.4";"15239182";;;;;;;;;;;;;;;;;;;;;;;;;;;;;;;;;;;;"6368";"1968";"4401";"2.36";;"102371";"6.7";"195748";"137795";"57953";"3.8";"119154";"74788";"44366";"2.9";"52";"449"
"44";"1994JJ00";"15341553";"7585887";"7755666";"15341553";"6688832";"7075002";"876986";"700733";"15341553";"3751154";"5011430";"4570975";"1543699";"464295";"24.5";"32.7";"29.8";"10.1";"3";"60.1";"39.1";"21";"37.2";"35.9";"38.5";"15341553";;;;;;;;;;;;;;;;;;;;;;;;;;;;;;;;;;;;"6445";"2003";"4442";"2.35";;"82569";"5.4";"195611";"133471";"62140";"4";"99311";"79228";"20083";"1.3";"346";"452"
"45";"1995JJ00";"15424122";"7627482";"7796640";"15424122";"6735614";"7081536";"875647";"731325";"15424122";"3760155";"4981153";"4649238";"1557819";"475757";"24.4";"32.3";"30.1";"10.1";"3.1";"60.2";"39";"21.1";"37.4";"36.1";"38.6";"15424122";;;;;;;;;;;;;;;;;;;;;;;;;;;;;;;;;;;;"6469";"2109";"4360";"2.35";"248";"69767";"4.5";"190513";"135675";"54838";"3.5";"96099";"82195";"13904";"0.9";"1025";"455"
"46";"1996JJ00";"15493889";"7662289";"7831600";"15493889";"6792423";"7061695";"878081";"761690";"15493889";"3771609";"4938040";"4723368";"1579397";"481475";"24.3";"31.9";"30.5";"10.2";"3.1";"60.4";"39";"21.3";"37.6";"36.3";"38.8";"15493889";"12995174";"2498715";"16.1";"1327602";;"82713";"1244889";"1171113";"225088";"86824";"280615";"271514";"307072";"1284106";"522554";;"46204";"476350";"761552";"140572";"55808";"179266";"167248";"218658";"1214609";"805048";;"36509";"768539";"409561";"84516";"31016";"101349";"104266";"88414";"6518";"2124";"4394";"2.34";"247";"73218";"4.7";"189521";"137561";"51960";"3.3";"108749";"91945";"16804";"1.1";"4454";"457"
"47";"1997JJ00";"15567107";"7696803";"7870304";"15567107";"6848973";"7045382";"881565";"791187";"15567107";"3787364";"4893195";"4802709";"1596420";"487419";"24.3";"31.4";"30.9";"10.3";"3.1";"60.6";"39.1";"21.5";"37.7";"36.5";"39";"15567107";"13012818";"2554289";"16.4";"1333161";;"83549";"1249612";"1221128";"232841";"88709";"285524";"279708";"334346";"1310705";"524706";;"46302";"478404";"785999";"142533";"56366";"179873";"169034";"238193";"1243584";"808455";;"37247";"771208";"435129";"90308";"32343";"105651";"110674";"96153";"6581";"2158";"4423";"2.33";"242";"87085";"5.6";"192443";"135783";"56660";"3.6";"109860";"81973";"27887";"1.8";"2538";"459"
"48";"1998JJ00";"15654192";"7740074";"7914118";"15654192";"6910940";"7044539";"882562";"816151";"15654192";"3809170";"4848625";"4886678";"1616527";"493192";"24.3";"31";"31.2";"10.3";"3.2";"60.8";"39.1";"21.7";"37.9";"36.6";"39.1";"15654192";"13033792";"2620400";"16.7";"1341947";;"85170";"1256777";"1278453";"241982";"92105";"290467";"289777";"364122";"1345719";"529512";;"47117";"482395";"816207";"145604";"58203";"180519";"172416";"259465";"1274681";"812435";;"38053";"774382";"462246";"96378";"33902";"109948";"117361";"104657";"6656";"2201";"4455";"2.32";"237";"106033";"6.8";"199408";"137482";"61926";"3.9";"122407";"79289";"43118";"2.7";"989";"462"
"49";"1999JJ00";"15760225";"7793271";"7966954";"15760225";"6980384";"7058381";"862537";"858923";"15760225";"3839842";"4809644";"4979805";"1634782";"496152";"24.4";"30.5";"31.6";"10.4";"3.1";"61";"39.2";"21.8";"38";"36.8";"39.2";"15760225";"13060991";"2699234";"17.1";"1353199";;"87052";"1266147";"1346035";"252493";"99130";"296984";"299662";"397766";"1390141";"536380";;"48115";"488265";"853761";"149469";"63268";"182467";"175229";"283328";"1309093";"816819";;"38937";"777882";"492274";"103024";"35862";"114517";"124433";"114438";"6745";"2255";"4491";"2.3";"231";"103725";"6.6";"200445";"140487";"59958";"3.8";"119151";"78779";"40372";"2.6";"3395";"465"
"50";"2000JJ00";"15863950";"7846317";"8017633";"15863950";"7048699";"7071202";"882071";"861978";"15863950";"3873008";"4761504";"5076996";"1652103";"500339";"24.4";"30";"32";"10.4";"3.2";"61.2";"39.4";"21.9";"38.2";"37";"39.4";"15863950";"13088648";"2775302";"17.5";"1366535";;"89092";"1277443";"1408767";"262221";"107197";"302514";"308890";"427945";"1431122";"544890";;"49327";"495563";"886232";"152540";"69266";"183249";"177754";"303423";"1344180";"821645";;"39765";"781880";"522535";"109681";"37931";"119265";"131136";"124522";"6801";"2272";"4529";"2.3";"224";"123125";"7.8";"206619";"140527";"66092";"4.2";"132850";"78977";"53873";"3.4";"3160";"468"
"51";"2001JJ00";"15987075";"7909855";"8077220";"15987075";"7138972";"7079502";"882162";"886439";"15987075";"3908053";"4727104";"5177417";"1657864";"516637";"24.4";"29.6";"32.4";"10.4";"3.2";"61.4";"39.5";"22";"38.3";"37.1";"39.5";"15987075";"13116851";"2870224";"18";"1387036";;"91336";"1295700";"1483188";"272752";"117089";"308824";"319600";"464923";"1488960";"560403";;"50723";"509680";"928557";"155669";"76826";"184737";"181595";"329730";"1381264";"826633";;"40613";"786020";"554631";"117083";"40263";"124087";"138005";"135193";"6867";"2307";"4560";"2.3";"219";"118210";"7.4";"202603";"140377";"62226";"3.9";"133404";"82566";"50838";"3.2";"5146";"472"
"52";"2002JJ00";"16105285";"7971967";"8133318";"16105285";"7241077";"7063982";"881876";"918350";"16105285";"3940636";"4685727";"5280208";"1667107";"531607";"24.5";"29.1";"32.8";"10.4";"3.3";"61.6";"39.5";"22.1";"38.4";"37.3";"39.6";"16105285";"13140336";"2964949";"18.4";"1406596";;"93806";"1312790";"1558353";"284124";"124870";"315177";"330709";"503473";"1547079";"575379";;"52365";"523014";"971700";"159605";"82209";"186262";"185943";"357681";"1417870";"831217";;"41441";"789776";"586653";"124519";"42661";"128915";"144766";"145792";"6934";"2345";"4589";"2.29";"217";"87287";"5.4";"202083";"142355";"59728";"3.7";"121250";"96918";"24332";"1.5";"3227";"475"
"53";"2003JJ00";"16192572";"8015471";"8177101";"16192572";"7321665";"7052176";"879742";"938989";"16192572";"3968999";"4624170";"5378947";"1676486";"543970";"24.5";"28.6";"33.2";"10.4";"3.4";"61.9";"39.7";"22.2";"38.6";"37.4";"39.7";"16192572";"13153814";"3038758";"18.8";"1416156";;"95585";"1320571";"1622602";"295332";"129312";"320658";"341400";"535900";"1585927";"581361";;"53332";"528029";"1004566";"163280";"84395";"187279";"190219";"379393";"1452831";"834795";;"42253";"792542";"618036";"132052";"44917";"133379";"151181";"156507";"6996";"2384";"4612";"2.28";"215";"65460";"4";"200297";"141936";"58361";"3.6";"104514";"104831";"-317";"0";"7416";"479"
"54";"2004JJ00";"16258032";"8045914";"8212118";"16258032";"7389408";"7034504";"877579";"956541";"16258032";"3987557";"4548566";"5470755";"1692856";"558298";"24.5";"28";"33.6";"10.4";"3.4";"62.3";"39.8";"22.5";"38.7";"37.6";"39.8";"16258032";"13169880";"3088152";"19";"1419855";"50272";"96724";"1272841";"1668297";"306219";"130722";"325281";"351648";"554427";"1602730";"581656";"27790";"53669";"500184";"1021074";"166464";"84024";"187990";"194319";"388277";"1485422";"838199";"22482";"43055";"772657";"647223";"139755";"46698";"137291";"157329";"166150";"7049";"2424";"4625";"2.28";"215";"47494";"2.9";"194007";"136553";"57454";"3.5";"94019";"110235";"-16216";"-1";"6256";"481"
"55";"2005JJ00";"16305526";"8065979";"8239547";"16305526";"7450192";"7002557";"876605";"976172";"16305526";"3987957";"4467783";"5561116";"1715097";"573573";"24.5";"27.4";"34.1";"10.5";"3.5";"62.6";"39.8";"22.8";"39";"37.9";"40";"16305526";"13182809";"3122717";"19.2";"1423675";"55189";"97137";"1271349";"1699042";"315821";"130538";"329430";"358846";"564407";"1606664";"582278";"32124";"53389";"496765";"1024386";"168400";"82321";"188367";"195678";"389620";"1516053";"841397";"23065";"43748";"774584";"674656";"147421";"48217";"141063";"163168";"174787";"7091";"2449";"4642";"2.27";"213";"28684";"1.8";"187910";"136402";"51508";"3.2";"92297";"119725";"-27428";"-1.7";"4604";"483"
"56";"2006JJ00";"16334210";"8077407";"8256803";"16334210";"7499312";"6964100";"874896";"995902";"16334210";"3975626";"4389840";"5638285";"1743443";"587016";"24.3";"26.9";"34.5";"10.7";"3.6";"62.9";"39.6";"23.2";"39.2";"38.1";"40.3";"16334210";"13186595";"3147615";"19.3";"1427565";"61378";"97721";"1268466";"1720050";"323239";"129683";"331890";"364333";"570905";"1604259";"584268";"37632";"53381";"493255";"1019991";"168504";"80102";"187483";"195711";"388191";"1543356";"843297";"23746";"44340";"775211";"700059";"154735";"49581";"144407";"168622";"182714";"7146";"2502";"4644";"2.26";"209";"23782";"1.5";"185057";"135372";"49685";"3";"101150";"132470";"-31320";"-1.9";"5417";"483"
"57";"2007JJ00";"16357992";"8088514";"8269478";"16357992";"7543236";"6927736";"871565";"1015455";"16357992";"3957103";"4319136";"5713401";"1767510";"600842";"24.2";"26.4";"34.9";"10.8";"3.7";"63";"39.4";"23.6";"39.5";"38.4";"40.5";"16357992";"13187586";"3170406";"19.4";"1431954";"81589";"98266";"1252099";"1738452";"329493";"129965";"333504";"368600";"576890";"1601194";"586718";"53373";"53378";"479967";"1014476";"167893";"78907";"186025";"195113";"386538";"1569212";"845236";"28216";"44888";"772132";"723976";"161600";"51058";"147479";"173487";"190352";"7191";"2537";"4654";"2.25";"207";"47407";"2.9";"181336";"133022";"48314";"2.9";"116819";"122576";"-5757";"-0.4";"4850";"484"
"58";"2008JJ00";"16405399";"8112073";"8293326";"16405399";"7601904";"6898147";"869611";"1035737";"16405399";"3940450";"4267063";"5783060";"1799337";"615489";"24";"26";"35.3";"11";"3.8";"63.2";"39.2";"24";"39.7";"38.7";"40.7";"16405399";"13189983";"3215416";"19.6";"1449686";"96232";"100282";"1253172";"1765730";"335127";"131841";"335799";"372714";"590249";"1619314";"602130";"66682";"54687";"480761";"1017184";"167063";"78968";"185284";"194556";"391313";"1596102";"847556";"29550";"45595";"772411";"748546";"168064";"52873";"150515";"178158";"198936";"7242";"2571";"4671";"2.24";"207";"80388";"4.9";"184634";"135136";"49498";"3";"143516";"117779";"25737";"1.6";"5153";"486"
"59";"2009JJ00";"16485787";"8156396";"8329391";"16485787";"7680426";"6882639";"866808";"1055914";"16485787";"3933585";"4233861";"5846526";"1840607";"631208";"23.9";"25.7";"35.5";"11.2";"3.8";"63.5";"39";"24.5";"39.9";"38.9";"40.9";"16485787";"13198081";"3287706";"19.9";"1478396";"113425";"104328";"1260643";"1809310";"341528";"134774";"338678";"378330";"616000";"1661505";"627311";"82302";"57873";"487136";"1034194";"166774";"79785";"184961";"195375";"407299";"1626201";"851085";"31123";"46455";"773507";"775116";"174754";"54989";"153717";"182955";"208701";"7313";"2619";"4693";"2.23";"207";"89202";"5.4";"184915";"134235";"50680";"3.1";"146378";"111897";"34481";"2.1";"4041";"489"
"60";"2010JJ00";"16574989";"8203476";"8371513";"16574989";"7701812";"6875088";"866945";"1131144";"16574989";"3928334";"4192772";"5915555";"1890334";"647994";"23.7";"25.3";"35.7";"11.4";"3.9";"64";"38.9";"25.1";"40.1";"39.1";"41.1";"16574989";"13215386";"3359603";"20.3";"1501309";"127768";"107674";"1265867";"1858294";"349005";"138420";"342279";"383957";"644633";"1699751";"644486";"94527";"60251";"489708";"1055265";"167305";"81175";"185089";"196385";"425311";"1659852";"856823";"33241";"47423";"776159";"803029";"181700";"57245";"157190";"187572";"219322";"7386";"2670";"4717";"2.22";"209";"80810";"4.9";"184397";"136058";"48339";"2.9";"154432";"121351";"33081";"2";"-610";"491"
"61";"2011JJ00";"16655799";"8243482";"8412317";"16655799";"7773306";"6864966";"866497";"1151030";"16655799";"3913819";"4162599";"5984435";"1927399";"667547";"23.5";"25";"35.9";"11.6";"4";"64.1";"38.6";"25.6";"40.3";"39.4";"41.3";"16655799";"13228780";"3427019";"20.6";"1527774";"144312";"110950";"1272512";"1899245";"355883";"141345";"344734";"388967";"668316";"1735217";"665865";"108701";"62621";"494543";"1069352";"167607";"81968";"184453";"197042";"438282";"1691802";"861909";"35611";"48329";"777969";"829893";"188276";"59377";"160281";"191925";"230034";"7444";"2708";"4736";"2.21";"219";"74549";"4.5";"180060";"135741";"44319";"2.7";"162962";"133194";"29768";"1.8";"462";"494"
"62";"2012JJ00";"16730348";"8282871";"8447477";"16730348";"7841334";"6851016";"865790";"1172208";"16730348";"3894754";"4141893";"5977333";"2030353";"686015";"23.3";"24.8";"35.7";"12.1";"4.1";"65.3";"38.5";"26.8";"40.6";"39.6";"41.5";"16730348";"13236155";"3494193";"20.9";"1556542";"164667";"115117";"1276758";"1937651";"362954";"143992";"346797";"392923";"690985";"1772204";"690203";"126307";"65889";"498007";"1082001";"168214";"82693";"183752";"197107";"450235";"1721989";"866339";"38360";"49228";"778751";"855650";"194740";"61299";"163045";"195816";"240750";"7513";"2762";"4751";"2.2";"219";"49227";"2.9";"175959";"140813";"35146";"2.1";"158374";"144491";"13883";"0.8";"198";"496"
"63";"2013JJ00";"16779575";"8307339";"8472236";"16779575";"7895899";"6823832";"864180";"1195664";"16779575";"3870773";"4120358";"5964099";"2121525";"702820";"23.1";"24.6";"35.5";"12.6";"4.2";"66.4";"38.4";"28";"40.8";"39.9";"41.7";"16779575";"13236494";"3543081";"21.1";"1576986";"179482";"120390";"1277114";"1966095";"368838";"145499";"347631";"395302";"708825";"1793189";"706512";"138187";"70250";"498075";"1086677";"168117";"82476";"182342";"196203";"457539";"1749892";"870474";"41295";"50140";"779039";"879418";"200721";"63023";"165289";"199099";"251286";"7569";"2802";"4767";"2.19";"215";"49714";"3";"171341";"141245";"30096";"1.8";"164772";"145669";"19103";"1.1";"515";"498"
"64";"2014JJ00";"16829289";"8334385";"8494904";"16829289";"7956499";"6787029";"863292";"1222469";"16829289";"3846040";"4117652";"5946573";"2201935";"717089";"22.9";"24.5";"35.3";"13.1";"4.3";"67.2";"38.2";"29";"41";"40.1";"41.9";"16829289";"13234545";"3594744";"21.4";"1597160";"209005";"125890";"1262265";"1997584";"374996";"146855";"348291";"396414";"731028";"1818497";"722766";"158898";"74704";"489164";"1095731";"168320";"82148";"180863";"194759";"469641";"1776247";"874394";"50107";"51186";"773101";"901853";"206676";"64707";"167428";"201655";"261387";"7590";"2804";"4786";"2.18";"250";"71437";"4.2";"175181";"139223";"35958";"2.1";"182949";"147862";"35087";"2.1";"392";"500"
"65";"2015JJ00";"16900726";"8372858";"8527868";"16900726";"8031966";"6753259";"862705";"1252796";"16900726";"3828059";"4134447";"5930535";"2272709";"734976";"22.7";"24.5";"35.1";"13.4";"4.3";"67.9";"38";"29.9";"41.3";"40.4";"42.1";"16900726";"13235405";"3665321";"21.7";"1626812";"230842";"130608";"1265362";"2038509";"380755";"148926";"348662";"396555";"763611";"1860977";"747703";"177025";"78412";"492266";"1113274";"168451";"82289";"179236";"192311";"490987";"1804344";"879109";"53817";"52196";"773096";"925235";"212304";"66637";"169426";"204244";"272624";"7665";"2868";"4797";"2.17";"245";"78394";"4.6";"170510";"147134";"23376";"1.4";"204615";"149509";"55106";"3.3";"-88";"502"
"66";"2016JJ00";"16979120";"8417135";"8561985";"16979120";"8112153";"6727554";"860883";"1278530";"16979120";"3818499";"4163702";"5911611";"2336560";"748748";"22.5";"24.5";"34.8";"13.8";"4.4";"68.5";"37.9";"30.6";"41.5";"40.6";"42.3";"16979120";"13226829";"3752291";"22.1";"1655699";"249554";"135637";"1270508";"2096592";"385761";"150981";"349022";"397471";"813357";"1920877";"772428";"191719";"82511";"498198";"1148449";"168336";"82462";"177720";"190621";"529310";"1831414";"883271";"57835";"53126";"772310";"948143";"217425";"68519";"171302";"206850";"284047";"7721";"2906";"4814";"2.17";"255";"102387";"6";"172520";"148997";"23523";"1.4";"230739";"151545";"79194";"4.7";"-330";"504"
"67";"2017JJ00";"17081507";"8475102";"8606405";"17081507";"8201061";"6718468";"859720";"1302258";"17081507";"3817173";"4206639";"5898035";"2395385";"764275";"22.3";"24.6";"34.5";"14";"4.5";"69";"37.8";"31.3";"41.6";"40.7";"42.5";"17081507";"13218754";"3862753";"22.6";"1689030";"268218";"141629";"1279183";"2173723";"391088";"153469";"349978";"400367";"878821";"2001175";"801203";"206291";"87487";"507425";"1199972";"168536";"82995";"176801";"190331";"581309";"1861578";"887827";"61927";"54142";"771758";"973751";"222552";"70474";"173177";"210036";"297512";"7794";"2961";"4833";"2.16";"245";"99577";"5.8";"169836";"150214";"19622";"1.1";"234957";"154292";"80665";"4.7";"-710";"507"
"68";"2018JJ00";"17181084";"8527041";"8654043";"17181084";"8287607";"6710175";"858676";"1324626";"17181084";"3810656";"4253083";"5878229";"2460202";"778914";"22.2";"24.8";"34.2";"14.3";"4.5";"69.6";"37.6";"32";"41.8";"41";"42.6";"17181084";"13209225";"3971859";"23.1";"1729016";"290614";"148736";"1289666";"2242843";"396539";"157114";"351681";"404459";"933050";"2079329";"836178";"224382";"93475";"518321";"1243151";"169018";"84526";"176412";"191513";"621682";"1892530";"892838";"66232";"55261";"771345";"999692";"227521";"72588";"175269";"212946";"311368";"7858";"2998";"4860";"2.15";"249";"101079";"5.9";"168525";"153363";"15162";"0.9";"243737";"157366";"86371";"5";"-454";"510"
"69";"2019JJ00";"17282163";"8581086";"8701077";"17282163";"8374133";"6706554";"858443";"1343033";"17282163";"3791838";"4309987";"5866334";"2515184";"798820";"21.9";"24.9";"33.9";"14.6";"4.6";"69.8";"37.3";"32.6";"42";"41.2";"42.8";"17282163";"13196025";"4086138";"23.6";"1774271";"316095";"156545";"1301631";"2311867";"402492";"161265";"353909";"409877";"984324";"2161684";"876946";"245393";"100235";"531318";"1284738";"170357";"86517";"176564";"193698";"657602";"1924454";"897325";"70702";"56310";"770313";"1027129";"232135";"74748";"177345";"216179";"326722";"7925";"3038";"4887";"2.15";"247";"125422";"7.3";"169680";"151885";"17795";"1";"269064";"161029";"108035";"6.3";"-408";"513"
"70";"2020JJ00";"17407585";"8648031";"8759554";"17407585";"8474556";"6713002";"859020";"1361007";"17407585";"3775257";"4381481";"5858292";"2570467";"822088";"21.7";"25.2";"33.7";"14.8";"4.7";"70";"36.9";"33.1";"42.2";"41.3";"43";"17407585";"13186880";"4220705";"24.2";"1828645";"343984";"166031";"1318630";"2392060";"408864";"166265";"356402";"416864";"1043665";"2262256";"925952";"269058";"108458";"548436";"1336304";"172040";"89118";"176963";"197446";"700737";"1958449";"902693";"74926";"57573";"770194";"1055756";"236824";"77147";"179439";"219418";"342928";"7998";"3080";"4918";"2.14";"259";"67830";"3.9";"168681";"168678";"3";"0";"220853";"152494";"68359";"3.9";"-532";"517"
"71";"2021JJ00";"17475415";"8686536";"8788879";"17475415";"8558739";"6678969";"859784";"1377923";"17475415";"3743466";"4421003";"5853411";"2618874";"838661";"21.4";"25.3";"33.5";"15";"4.8";"70.1";"36.4";"33.7";"42.3";"41.5";"43.1";"17475415";"13169507";"4305908";"24.6";"1858730";"381614";"169781";"1307335";"2447178";"414186";"171413";"358266";"422030";"1081283";"2312921";"951072";"296419";"110815";"543838";"1361849";"172542";"91728";"176571";"199402";"721606";"1992987";"907658";"85195";"58966";"763497";"1085329";"241644";"79685";"181695";"222628";"359677";"8043";"3097";"4946";"2.14";"259";"115257";"6.6";"179441";"170972";"8469";"0.5";"252528";"145330";"107198";"6.1";"-410";"519"
"72";"2022JJ00";"17590672";"8745468";"8845204";"17590672";"8674526";"6667185";"862818";"1386143";"17590672";"3737817";"4487841";"5839561";"2672346";"853107";"21.2";"25.5";"33.2";"15.2";"4.9";"70.3";"36.2";"34.1";"42.4";"41.6";"43.2";"17590672";"13151772";"4438900";"25.2";"1909408";"410032";"181453";"1317923";"2529492";"419272";"176912";"359814";"429978";"1143516";"2412344";"996928";"320281";"121155";"555492";"1415416";"173279";"94770";"176127";"204249";"766991";"2026556";"912480";"89751";"60298";"762431";"1114076";"245993";"82142";"183687";"225729";"376525";"8139";"3173";"4966";"2.13";"263";;;;;;;;;;;;"522"
